ID,header,manufacturer,nationality,times_best,avg_rating_when_best,years_covered
1046,Caesar Arab Camel Riders and Bedouin (H023),Caesar,Arab,2325,46.0,-2024–300
174,HYTTY Historic Figures (1003),HYTTY,Hungarian,2011,37.0,-70–1960
174,HYTTY Historic Figures (1003),HYTTY,Hun,1850,37.0,-70–1960
174,HYTTY Historic Figures (1003),HYTTY,USA,1701,37.0,-70–1934
174,HYTTY Historic Figures (1003),HYTTY,Egyptian,1582,37.0,-70–1960
174,HYTTY Historic Figures (1003),HYTTY,Romanian,1578,37.0,151–1960
904,Caesar Biblical Era Libyan Warriors (H022),Caesar,Libyan,1525,46.0,-2024–-500
1181,Caesar Nubian Warriors (H049),Caesar,Nubian,1525,44.0,-2024–-500
1181,Caesar Nubian Warriors (H049),Caesar,Sudanese,1525,44.0,-2024–-500
1421,Coates & Shine Indian Chariot (8143),Coates & Shine,Indian,1359,43.0,-1399–0
1106,Caesar Maya Warriors (H027),Caesar,Belize,1301,43.0,250–1550
1106,Caesar Maya Warriors (H027),Caesar,Guatamalan,1301,43.0,250–1550
1106,Caesar Maya Warriors (H027),Caesar,Mayan,1301,43.0,250–1550
2954,Hegemony Phrygians (HB012),Hegemony,Phrygian,1201,25.0,-1100–100
1106,Caesar Maya Warriors (H027),Caesar,Mexican,1175,43.0,250–1550
2954,Hegemony Phrygians (HB012),Hegemony,Turkish,1102,25.0,-1100–100
2237,RedBox Byzantine Cataphracts Set 2 (72154),RedBox,Greek,801,44.0,600–1400
174,HYTTY Historic Figures (1003),HYTTY,French,755,37.0,201–1960
3080,Ultima Ratio The Thracians (UR026),Ultima Ratio,Bulgarian,681,44.0,-650–30
3080,Ultima Ratio The Thracians (UR026),Ultima Ratio,Thracian,681,44.0,-650–30
174,HYTTY Historic Figures (1003),HYTTY,Italian,667,37.0,600–1908
2749,Linear-A Indus Culture (Set 1) (042),Linear-A,Harappan,625,44.0,-2024–-1400
2749,Linear-A Indus Culture (Set 1) (042),Linear-A,Indian,625,44.0,-2024–-1400
2749,Linear-A Indus Culture (Set 1) (042),Linear-A,Pakistani,625,44.0,-2024–-1400
1030,RedBox Picts (72001),RedBox,Pictish,601,34.0,250–850
1300,Orion Scythian Cavalry (72024),Orion,Polish,599,43.0,-699–-101
1300,Orion Scythian Cavalry (72024),Orion,Ukrainian,599,43.0,-699–-101
1098,Caesar Ancient Egyptian Warriors (H047),Caesar,Egyptian,551,49.0,-1550–-1000
1030,RedBox Picts (72001),RedBox,British,551,34.0,250–800
1134,HaT Parthian Light Cavalry (8144),HaT,Parthian,475,46.0,-249–225
1134,HaT Parthian Light Cavalry (8144),HaT,Persian,475,46.0,-249–225
1133,HaT Parthian Heavy Cavalry (8145),HaT,Iraqi,474,43.0,-250–223
1890,Orion Cumans (Polovets) and Pechenegs (72034),Orion,Pecheneg,451,43.0,800–1250
114,HaT Saxons (6006),HaT,Saxon,451,24.0,150–600
564,HaT Nubian Infantry (8079),HaT,Egyptian,450,30.0,-949–-500
73,Atlantic Greek Army (1509),Atlantic,Greek,449,27.0,-1099–-651
3080,Ultima Ratio The Thracians (UR026),Ultima Ratio,Greek,437,44.0,-650–30
909,Caesar Hittite Warriors (H008),Caesar,Anatolian,431,46.0,-1630–-1200
909,Caesar Hittite Warriors (H008),Caesar,Hittite,431,46.0,-1630–-1200
909,Caesar Hittite Warriors (H008),Caesar,Turkish,431,46.0,-1630–-1200
1471,HaT Sassanid Levy Infantry (8205),HaT,Iraqi,428,44.0,224–651
1471,HaT Sassanid Levy Infantry (8205),HaT,Sassanian,428,44.0,224–651
2520,Caesar Chinese Han Dynasty Troopers (H043),Caesar,Chinese,427,48.0,-206–220
1471,HaT Sassanid Levy Infantry (8205),HaT,Persian,426,44.0,226–651
3060,Ultima Ratio Japanese Warrior Monks (UR024),Ultima Ratio,Japanese,421,42.0,980–1400
1114,Caesar Philistine Warriors (H046),Caesar,Sea People,420,47.0,-1169–-750
1317,Emhar Viking Oarsmen (7218),Emhar,Danish,401,50.0,700–1100
1317,Emhar Viking Oarsmen (7218),Emhar,Norwegian,401,50.0,700–1100
1317,Emhar Viking Oarsmen (7218),Emhar,Swedish,401,50.0,700–1100
1317,Emhar Viking Oarsmen (7218),Emhar,Viking,401,50.0,700–1100
1325,HaT Gallic Command (8138),HaT,Gaul,401,47.0,-300–100
1201,Strelets Muslim Archers (M014),Strelets,Arab,401,44.0,1000–1400
1201,Strelets Muslim Archers (M014),Strelets,Turkish,401,44.0,1000–1400
1639,Orion Khazar Army (72030),Orion,Georgian,401,42.0,600–1000
1639,Orion Khazar Army (72030),Orion,Khazar,401,42.0,600–1000
585,HaT Numidian Cavalry (8024),HaT,Numidian,401,39.0,-300–100
2237,RedBox Byzantine Cataphracts Set 2 (72154),RedBox,Turkish,400,44.0,600–999
100,Esci Barbarian Warriors (225),Esci,German,399,43.0,-200–300
1014,Linear-A The Etruscans Cavalry: Set 2 (022),Linear-A,Italian,399,43.0,-899–-501
474,Atlantic At The Pharaoh's Court (1501),Atlantic,Egyptian,399,41.0,-1949–-1551
1528,Orion Byzantine Infantry (12th - 15th Century) (72027),Orion,Albanian,354,37.0,1100–1453
1528,Orion Byzantine Infantry (12th - 15th Century) (72027),Orion,Bulgarian,354,37.0,1100–1453
1258,Pegasus Gladiators (7100),Pegasus,Italian,351,50.0,-100–250
1371,Caesar Mycenaean Chariot (H021),Caesar,Greek,351,49.0,-1450–-1100
1371,Caesar Mycenaean Chariot (H021),Caesar,Mycenaean,351,49.0,-1450–-1100
1222,Strelets Batavian Cavalry in Roman Service (097),Strelets,Dutch,351,41.0,-50–300
546,HaT Imperial Roman Auxiliaries (8074),HaT,Syrian,351,35.0,-100–250
115,HaT Franks (6007),HaT,Belgian,351,29.0,150–500
546,HaT Imperial Roman Auxiliaries (8074),HaT,Spanish,350,35.0,-99–250
1049,Caesar Mitannian Mariyannu Chariot (H015),Caesar,Mitannian,321,48.0,-1680–-1360
1049,Caesar Mitannian Mariyannu Chariot (H015),Caesar,Syrian,321,48.0,-1680–-1360
175,HYTTY Carthaginian Mercenaries (1004),HYTTY,Algerian,320,19.0,-800–-481
175,HYTTY Carthaginian Mercenaries (1004),HYTTY,Tunisian,320,19.0,-800–-481
1820,Zvezda Scythian Cavalry (8069),Zvezda,Kazak,301,47.0,-600–-300
1820,Zvezda Scythian Cavalry (8069),Zvezda,Russian,301,47.0,-600–-300
1820,Zvezda Scythian Cavalry (8069),Zvezda,Scythian,301,47.0,-600–-300
2041,Linear-A Neo-Assyrian Empire Infantry Set 1 (056),Linear-A,Assyrian,301,47.0,-850–-550
2041,Linear-A Neo-Assyrian Empire Infantry Set 1 (056),Linear-A,Syrian,301,47.0,-850–-550
1189,Strelets Medieval Levy (2) (M006),Strelets,Dutch,301,41.0,1100–1400
1189,Strelets Medieval Levy (2) (M006),Strelets,Scottish,301,41.0,1100–1400
1610,Orion Slavic Warriors (72028),Orion,Albanian,301,36.0,500–800
1610,Orion Slavic Warriors (72028),Orion,Bosnian,301,36.0,500–800
1610,Orion Slavic Warriors (72028),Orion,Polish,301,36.0,500–800
1610,Orion Slavic Warriors (72028),Orion,Serbian,301,36.0,500–800
1610,Orion Slavic Warriors (72028),Orion,Slav,301,36.0,500–800
1041,Evolution Sarmat Cavalry (EVF037),Evolution,Russian,301,30.0,-100–200
1146,Zvezda Carthaginian Numidian Cavalry (8031),Zvezda,Algerian,300,44.0,-199–100
1890,Orion Cumans (Polovets) and Pechenegs (72034),Orion,Russian,300,43.0,800–1099
175,HYTTY Carthaginian Mercenaries (1004),HYTTY,Spanish,300,19.0,-800–-501
1157,Zvezda The Janissaries (8050),Zvezda,Turkish,299,47.0,1501–1799
1300,Orion Scythian Cavalry (72024),Orion,Russian,298,43.0,-699–-101
1300,Orion Scythian Cavalry (72024),Orion,Scythian,298,43.0,-699–-101
1757,Valdemar Cuman Cavalry (VA112),Valdemar,Cuman,291,46.0,1000–1290
1757,Valdemar Cuman Cavalry (VA112),Valdemar,Ukrainian,291,46.0,1000–1290
1095,Caesar Inca Warriors (H026),Caesar,Incan,271,48.0,1300–1570
1095,Caesar Inca Warriors (H026),Caesar,Peruvian,271,48.0,1300–1570
383,Zvezda Persian Infantry (8006),Zvezda,Persian,251,49.0,-550–-300
747,HaT Gothic Cavalry (8085),HaT,Ukrainian,251,43.0,200–450
321,Strelets Vikings Against Franks (004),Strelets,Frankish,251,37.0,700–950
321,Strelets Vikings Against Franks (004),Strelets,German,251,37.0,700–950
2666,Linear-A The Etruscans Set 1 (014),Linear-A,Etruscan,250,43.0,-899–-650
1146,Zvezda Carthaginian Numidian Cavalry (8031),Zvezda,Tunisian,246,44.0,-145–100
397,HaT Hannibal's Carthaginians - African Infantry (8020),HaT,Libyan,234,37.0,-480–-146
1239,Coates & Shine Gothic Army (8133),Coates & Shine,Polish,231,35.0,160–390
597,HaT Dacians (8069),HaT,Dacian,218,40.0,-168–49
597,HaT Dacians (8069),HaT,Romanian,218,40.0,-168–49
1632,Valdemar Welsh Crusader (VI002),Valdemar,Welsh,204,49.0,1097–1300
1339,Emhar Crested Knights (7210),Emhar,British,201,49.0,1200–1400
1394,Caesar Celt Warriors (H064),Caesar,British,201,48.0,-150–50
1394,Caesar Celt Warriors (H064),Caesar,Celtic,201,48.0,-150–50
1394,Caesar Celt Warriors (H064),Caesar,French,201,48.0,-150–50
1601,Zvezda Russian Foot Warriors (8062),Zvezda,Russian,201,48.0,1200–1400
299,Revell Normans (02550),Revell,French,201,47.0,950–1150
299,Revell Normans (02550),Revell,Norman,201,47.0,950–1150
861,Caesar Saladin with Saracen Cavalry (H018),Caesar,Egyptian,201,45.0,1050–1250
861,Caesar Saladin with Saracen Cavalry (H018),Caesar,Iraqi,201,45.0,1050–1250
861,Caesar Saladin with Saracen Cavalry (H018),Caesar,Syrian,201,45.0,1050–1250
519,HaT Spanish Cavalry (8055),HaT,CeltIberian,201,44.0,-300–-100
747,HaT Gothic Cavalry (8085),HaT,Goth,201,43.0,200–400
2171,Linear-A The Folk of Judea (001),Linear-A,Palestinian,201,43.0,-100–100
1556,Strelets Sarmatian Cavalry (020),Strelets,Sarmatian,201,38.0,-100–100
1556,Strelets Sarmatian Cavalry (020),Strelets,Ukrainian,201,38.0,-100–100
631,HaT Carthaginian Allies (8058),HaT,Portuguese,201,35.0,-400–-200
1325,HaT Gallic Command (8138),HaT,Celtic,200,47.0,-300–100
1325,HaT Gallic Command (8138),HaT,French,200,47.0,-300–100
288,Orion Roman Sailors (72006),Orion,Italian,200,44.0,-500–-301
1201,Strelets Muslim Archers (M014),Strelets,Egyptian,200,44.0,1000–1400
1201,Strelets Muslim Archers (M014),Strelets,Syrian,200,44.0,1000–1400
1890,Orion Cumans (Polovets) and Pechenegs (72034),Orion,Cuman,200,43.0,800–999
1890,Orion Cumans (Polovets) and Pechenegs (72034),Orion,Ukrainian,200,43.0,800–999
1639,Orion Khazar Army (72030),Orion,Russian,200,42.0,600–799
1639,Orion Khazar Army (72030),Orion,Ukrainian,200,42.0,600–799
1099,Evolution Roxolan Cavalry (EVF039),Evolution,Sarmatian,200,36.0,101–300
448,Zvezda Samurai Army - Infantry (8017),Zvezda,Japanese,199,48.0,1501–1699
916,Zvezda Republican Roman Cavalry (8038),Zvezda,Italian,199,47.0,-299–-101
845,Emhar Saxon Warriors (7206),Emhar,Saxon,199,45.0,801–999
1623,Linear-A Goths (Set 1) (058),Linear-A,Bulgarian,199,45.0,401–599
1623,Linear-A Goths (Set 1) (058),Linear-A,Goth,199,45.0,401–599
1623,Linear-A Goths (Set 1) (058),Linear-A,Romanian,199,45.0,401–599
1228,MiniArt Germanic Warriors (72013),MiniArt,German,199,42.0,301–499
2655,RedBox Chinese Medium Cavalry (72118),RedBox,Chinese,199,42.0,1501–1699
1189,Strelets Medieval Levy (2) (M006),Strelets,Spanish,199,41.0,1201–1399
1308,RedBox Korean Guerrillas (72013),RedBox,Korean,199,38.0,1501–1699
1308,RedBox Korean Guerrillas (72013),RedBox,North Korean,199,38.0,1501–1699
1308,RedBox Korean Guerrillas (72013),RedBox,South Korean,199,38.0,1501–1699
232,LW Bactrian Cavalry (38),LW,Afghan,191,27.0,-490–-300
232,LW Bactrian Cavalry (38),LW,Tajik,191,27.0,-490–-300
232,LW Bactrian Cavalry (38),LW,Uzbek,191,27.0,-490–-300
2091,HaT Huns (8298),HaT,Hun,181,41.0,300–480
116,HaT Visigoths (6008),HaT,Spanish,181,26.0,370–550
519,HaT Spanish Cavalry (8055),HaT,Spanish,180,44.0,-300–-100
397,HaT Hannibal's Carthaginians - African Infantry (8020),HaT,Algerian,180,37.0,-480–-301
397,HaT Hannibal's Carthaginians - African Infantry (8020),HaT,Carthaginian,180,37.0,-480–-301
397,HaT Hannibal's Carthaginians - African Infantry (8020),HaT,Tunisian,180,37.0,-480–-301
1891,Orion Iberian Infantry (72035),Orion,Portuguese,170,33.0,-500–-130
1802,Strelets Anglo-Saxons Before Battle (M050),Strelets,Anglo-Saxon,167,49.0,900–1066
1802,Strelets Anglo-Saxons Before Battle (M050),Strelets,British,167,49.0,900–1066
2364,Mars Barbarian Pirates (72071),Mars,Algerian,161,37.0,1490–1650
2364,Mars Barbarian Pirates (72071),Mars,Tunisian,161,37.0,1490–1650
1040,Zvezda Carthaginian Infantry (8010),Zvezda,Carthaginian,155,47.0,-300–-146
1040,Zvezda Carthaginian Infantry (8010),Zvezda,Tunisian,155,47.0,-300–-146
1255,Italeri Mongol Cavalry (6124),Italeri,Mongolian,151,47.0,1200–1350
2503,Linear-A The Minoans (020),Linear-A,Minoan,151,41.0,-1600–-1450
1186,Strelets Breton Knights (086),Strelets,Breton,151,40.0,1000–1150
2503,Linear-A The Minoans (020),Linear-A,Greek,150,41.0,-1600–-1451
1291,HaT Gallic Chariot with Warrior Queen (8140),HaT,British,140,46.0,-250–90
1251,Zvezda French Infantry of the Hundred Years War (8053),Zvezda,French,131,46.0,1330–1460
2972,Linear-A Neo-Assyrian Empire Infantry Set 5 (084),Linear-A,Iraqi,129,47.0,-740–-612
335,Zvezda Greek Infantry (8005),Zvezda,Greek,121,49.0,-500–-380
2823,Linear-A Seleucid Elephants vs Ptolemaic Elephants (049),Linear-A,Egyptian,121,48.0,-290–-170
2823,Linear-A Seleucid Elephants vs Ptolemaic Elephants (049),Linear-A,Seleucid,121,48.0,-290–-170
1219,Orion Cossack Cavalry (72014),Orion,Polish,121,44.0,1550–1700
1817,Orion Kievan Rus Infantry (72032),Orion,Ukrainian,110,41.0,1291–1400
1102,Caesar The Sea Peoples (H048),Caesar,Sea People,106,49.0,-1275–-1170
2298,Caesar Dismounted Crusaders (H086),Caesar,Frankish,105,47.0,1096–1200
2298,Caesar Dismounted Crusaders (H086),Caesar,Italian,105,47.0,1096–1200
2298,Caesar Dismounted Crusaders (H086),Caesar,German,104,47.0,1096–1199
1436,HaT El Cid Andalusian Infantry (8168),HaT,Spanish,101,48.0,1000–1100
1585,Valdemar Teutonic Infantry on the March (VA110),Valdemar,German,101,48.0,1200–1300
1833,HaT El Cid Moorish Command (8249),HaT,Andalusian,101,48.0,1000–1100
1109,Odemars The Nativity (CREA02),Odemars,Israeli,101,47.0,-50–50
1372,Caesar Aztec Warriors (H028),Caesar,Aztec,101,47.0,1400–1500
1372,Caesar Aztec Warriors (H028),Caesar,Mexican,101,47.0,1400–1500
1451,HaT El Cid Almoravid Infantry (8189),HaT,Almoravid,101,47.0,1050–1150
1451,HaT El Cid Almoravid Infantry (8189),HaT,Moroccan,101,47.0,1050–1150
349,Zvezda War Elephants (8011),Zvezda,Syrian,101,46.0,-300–-200
1510,Italeri Chinese Cavalry (6123),Italeri,Chinese,101,46.0,1200–1300
399,HaT Carthaginian Command and Cavalry (8056),HaT,Algerian,101,44.0,-300–-200
2974,Ultima Ratio Carthaginian Army: Libyan Infantry (UR021),Ultima Ratio,Libyan,101,40.0,-250–-150
1504,Mars Crimean Tatar Infantry (72084),Mars,Crimean,101,36.0,1600–1700
1504,Mars Crimean Tatar Infantry (72084),Mars,Tatar,101,36.0,1600–1700
114,HaT Saxons (6006),HaT,German,101,24.0,500–600
1713,Zvezda Russian Noble Cavalry (8065),Zvezda,Russian,100,46.0,1401–1500
2300,Caesar European Medieval Foot Soldiers and Archers (H088),Caesar,German,100,46.0,1400–1499
2300,Caesar European Medieval Foot Soldiers and Archers (H088),Caesar,Italian,100,46.0,1400–1499
2320,Strelets Ancient Christians (130),Strelets,Italian,100,46.0,301–400
2586,RedBox Spanish Sailors Set 1 (72102),RedBox,Spanish,100,46.0,1501–1650
1587,Valdemar Russian Hird (VA113),Valdemar,Russian,100,45.0,1100–1199
1736,Italeri Late Imperial Legion (6137),Italeri,Italian,100,45.0,401–500
728,Caesar Japanese Samurai with Ninja (H003),Caesar,Japanese,100,43.0,1401–1500
2171,Linear-A The Folk of Judea (001),Linear-A,Israeli,100,43.0,-100–100
2591,RedBox Italian Sailors in Battle Set 3 (72107),RedBox,Italian,100,43.0,1600–1699
1711,HaT El Cid Andalusian Light Cavalry (8214),HaT,Andalusian,100,42.0,1101–1200
1711,HaT El Cid Andalusian Light Cavalry (8214),HaT,Spanish,100,42.0,1101–1200
35,Airfix Robin Hood (01720),Airfix,British,100,41.0,1100–1199
39,Airfix Ancient Britons (01734),Airfix,British,100,41.0,101–200
39,Airfix Ancient Britons (01734),Airfix,Celtic,100,41.0,101–200
1171,HaT Gallic Warband (8089),HaT,French,100,39.0,101–200
497,HaT Celtic Cavalry (8022),HaT,German,100,38.0,-300–-201
1610,Orion Slavic Warriors (72028),Orion,Russian,100,36.0,500–599
1610,Orion Slavic Warriors (72028),Orion,Ukrainian,100,36.0,500–599
631,HaT Carthaginian Allies (8058),HaT,CeltIberian,100,35.0,-400–-301
631,HaT Carthaginian Allies (8058),HaT,German,100,35.0,-400–-301
631,HaT Carthaginian Allies (8058),HaT,Spanish,100,35.0,-400–-301
1891,Orion Iberian Infantry (72035),Orion,CeltIberian,100,33.0,-500–-401
1891,Orion Iberian Infantry (72035),Orion,Spanish,100,33.0,-500–-401
2642,RedBox Ukrainian Cossack (Infantry) Set 3 (72116),RedBox,Cossack,99,48.0,1501–1599
2642,RedBox Ukrainian Cossack (Infantry) Set 3 (72116),RedBox,Ukrainian,99,48.0,1501–1599
2639,RedBox Moscow Infantry (Pishalniki) (72113),RedBox,Russian,99,47.0,1501–1599
2859,RedBox Ukrainian Registered Cossack Infantry (72142),RedBox,Cossack,99,47.0,1601–1699
2859,RedBox Ukrainian Registered Cossack Infantry (72142),RedBox,Ukrainian,99,47.0,1601–1699
2232,MM Swiss Vatican Guard (001),MM,Swiss,99,46.0,1914–2012
2518,RedBox Italian Infantry (Set 1) (72099),RedBox,Italian,99,46.0,1501–1599
845,Emhar Saxon Warriors (7206),Emhar,British,99,45.0,801–899
2299,Caesar Medieval European Knights 13th Century (H087),Caesar,French,99,45.0,1201–1299
2299,Caesar Medieval European Knights 13th Century (H087),Caesar,Italian,99,45.0,1201–1299
1193,Caesar Ancient Germans (H040),Caesar,German,99,44.0,1–99
1189,Strelets Medieval Levy (2) (M006),Strelets,German,99,41.0,1301–1399
1099,Evolution Roxolan Cavalry (EVF039),Evolution,Ukrainian,99,36.0,101–199
1023,Zvezda Russian Strelets Infantry (8040),Zvezda,Russian,98,46.0,1600–1697
465,Zvezda Livonian Knights (8016),Zvezda,Latvian,98,42.0,1202–1299
465,Zvezda Livonian Knights (8016),Zvezda,Livonian,98,42.0,1202–1299
2618,Ultima Ratio Italian Militiamen 1260-1392 (UR010),Ultima Ratio,Italian,93,42.0,1300–1392
2300,Caesar European Medieval Foot Soldiers and Archers (H088),Caesar,Spanish,90,46.0,1400–1489
657,Evolution Carthaginian Mercenaries (EVF029),Evolution,Carthaginian,90,30.0,-139–-50
1707,RedBox Stradioti Set 2 (72075),RedBox,Albanian,86,39.0,1495–1580
1707,RedBox Stradioti Set 2 (72075),RedBox,Greek,86,39.0,1495–1580
1707,RedBox Stradioti Set 2 (72075),RedBox,Serbian,86,39.0,1495–1580
1479,RedBox Irish Mounted Troops (72055),RedBox,Irish,81,43.0,1450–1530
2476,Strelets English Longbowmen (M117),Strelets,British,80,47.0,1401–1480
1073,RedBox Japanese Warrior Monks (72005),RedBox,Japanese,80,40.0,900–979
606,IMEX Eastern Friendly Indians (522),IMEX,USA,77,45.0,1600–1750
2571,RedBox Burgundian Infantry and Knights (Set 2) (72110),RedBox,Burgundian,77,41.0,1401–1477
1178,MiniArt Hussites (72010),MiniArt,Hussite,77,35.0,1401–1499
1112,Mars Pirates of the Caribbean (72009),Mars,Dutch,76,34.0,1661–1750
1206,Zvezda Ancient Egyptian Infantry (8051),Zvezda,Egyptian,75,42.0,-2024–-1950
805,IMEX Pilgrims (521),IMEX,USA,74,49.0,1607–1680
1163,Coates & Shine Macedonian Elephant (8141),Coates & Shine,Macedonian,73,47.0,-322–-250
2815,Strelets French Garde du Corps (240),Strelets,French,71,49.0,1690–1760
1178,MiniArt Hussites (72010),MiniArt,Czech,70,35.0,1401–1499
2715,Linear-A Tarentine Horsemen of Magna Graecia (030),Linear-A,Greek,68,44.0,-299–-221
815,Pegasus California Mission Indians (7051),Pegasus,Mexican,65,50.0,1769–1833
815,Pegasus California Mission Indians (7051),Pegasus,USA,65,50.0,1769–1833
17,A Call To Arms Zulus (56),A Call To Arms,Zulu,65,43.0,1816–1880
2232,MM Swiss Vatican Guard (001),MM,Italian,64,46.0,1914–1999
17,A Call To Arms Zulus (56),A Call To Arms,South African,64,43.0,1816–1879
1117,Emhar French Infantry 1854-1871 (7211),Emhar,French,62,47.0,1852–1913
2409,Linear-B Age of Tudors (012),Linear-B,British,61,48.0,1490–1550
2971,Linear-A Neo-Assyrian Empire Siege Engineer Set 4 (083),Linear-A,Assyrian,61,44.0,-911–-851
576,Esci Muslim Warriors (238),Esci,Afghan,61,41.0,1860–1920
875,Linear-A The Nika Revolt (041),Linear-A,Greek,61,41.0,500–599
875,Linear-A The Nika Revolt (041),Linear-A,Turkish,61,41.0,500–599
301,Revell Celts (Gauls) (02553),Revell,British,60,45.0,-300–100
1969,RedBox Swiss Artillery (72065),RedBox,Swiss,60,41.0,1541–1600
2781,Linear-A Eastern Roman Empire Infantry Set 1 (039),Linear-A,Italian,60,39.0,501–599
981,Orion Medieval Siege Troops (72019),Orion,Scottish,59,39.0,1401–1500
1643,Strelets Dacians Before Battle (M040),Strelets,Dacian,56,47.0,50–105
1643,Strelets Dacians Before Battle (M040),Strelets,Romanian,56,47.0,50–105
283,Orion English Pirates (72001),Orion,British,56,46.0,1660–1730
1619,Strelets Jacobites (1) (066),Strelets,Scottish,56,40.0,1689–1744
3056,RedBox Tudor Light Infantry (72155),RedBox,British,53,45.0,1551–1603
1528,Orion Byzantine Infantry (12th - 15th Century) (72027),Orion,Greek,53,37.0,1401–1453
1293,GerMan Mounted Musketeers (0011),GerMan,French,52,48.0,1622–1673
1104,Orion Ukrainian Foot Cossacks and Artillery (72013),Orion,Ukrainian,52,45.0,1600–1750
303,Revell Imperial Infantry (02556),Revell,Austrian,51,49.0,1600–1650
303,Revell Imperial Infantry (02556),Revell,German,51,49.0,1600–1650
490,IMEX American Pioneers (516),IMEX,USA,51,49.0,1840–1890
1618,Dark Dream Studio European Knights (72005),Dark Dream Studio,French,51,44.0,1500–1550
1618,Dark Dream Studio European Knights (72005),Dark Dream Studio,German,51,44.0,1500–1550
2385,Mars Polish Field Artillery (72063),Mars,Polish,51,44.0,1400–1450
2450,RedBox Swiss Halberdiers (72062),RedBox,Swiss,51,43.0,1490–1540
150,HaT Alexander's Thracians (8046),HaT,Turkish,51,41.0,-350–-300
1413,Mars Teutonic Field Artillery (72064),Mars,Teutonic,51,39.0,1400–1450
2331,Mars Lithuanian Tatars Light Cavalry (72055),Mars,Tatar,51,32.0,1400–1450
1100,Caesar Egyptian Sherden the Royal Guards (H050),Caesar,Egyptian,50,49.0,-999–-950
2718,Ultima Ratio Gladiators Myrmillo Secutor Szissor (UR013),Ultima Ratio,Italian,50,49.0,251–300
2517,RedBox Spanish Infantry (Set 1) (72096),RedBox,Spanish,50,48.0,1550–1599
1103,Strelets Normans (M001),Strelets,French,50,47.0,1151–1200
1103,Strelets Normans (M001),Strelets,Norman,50,47.0,1151–1200
1432,HaT Hadendowah Camelry (8208),HaT,Sudanese,50,47.0,1850–1899
1851,Zvezda Mongols - Golden Horde (8076),Zvezda,Mongolian,50,47.0,1351–1400
196,Italeri The Knights (6009),Italeri,Frankish,50,46.0,1201–1250
2318,Strelets Norman Army Camp (909),Strelets,French,50,44.0,900–949
2318,Strelets Norman Army Camp (909),Strelets,Norman,50,44.0,900–949
1831,HaT El Cid Almoravid Heavy Cavalry (8247),HaT,Almoravid,50,43.0,1000–1049
2474,Strelets Bashi-Bazouks (M054),Strelets,Turkish,50,43.0,1800–1849
1830,HaT El Cid Almoravid Light Cavalry (8246),HaT,Moroccan,50,42.0,1000–1049
1420,HaT Celtic Chariot (8139),HaT,British,50,41.0,-350–-301
1420,HaT Celtic Chariot (8139),HaT,Celtic,50,41.0,-350–-301
1420,HaT Celtic Chariot (8139),HaT,French,50,41.0,-350–-301
2400,Mars Lithuanian-Russian Medium Infantry (72061),Mars,Lithuanian,50,39.0,1401–1450
631,HaT Carthaginian Allies (8058),HaT,Celtic,50,35.0,-400–-351
631,HaT Carthaginian Allies (8058),HaT,French,50,35.0,-400–-351
1511,Italeri Arab Warriors (6126),Italeri,Iraqi,50,35.0,1251–1300
2423,Mars Lithuanian Tartars (72080),Mars,Lithuanian,50,33.0,1601–1650
1161,Dapol Railway Workmen (C002),Dapol,British,49,47.0,1891–1950
2588,RedBox Spanish Sailors Artillery Set 3 (72104),RedBox,Spanish,49,46.0,1651–1699
2299,Caesar Medieval European Knights 13th Century (H087),Caesar,Frankish,49,45.0,1251–1299
1860,"RedBox European Light Cavalry, 16th Century Set 1 (72084)",RedBox,French,49,41.0,1551–1599
1860,"RedBox European Light Cavalry, 16th Century Set 1 (72084)",RedBox,German,49,41.0,1551–1599
2575,Ultima Ratio Swiss Infantry (Bern) (UR008),Ultima Ratio,Swiss,49,41.0,1401–1449
2465,Linear-B Mithridatic Heavy Infantry (078),Linear-B,Pontic,48,39.0,-110–-63
2465,Linear-B Mithridatic Heavy Infantry (078),Linear-B,Turkish,48,39.0,-110–-63
2783,Strelets Arabs in Skirmish (M142),Strelets,Arab,46,45.0,1890–1935
2783,Strelets Arabs in Skirmish (M142),Strelets,Iraqi,46,45.0,1890–1935
2783,Strelets Arabs in Skirmish (M142),Strelets,Syrian,46,45.0,1890–1935
1822,Strelets Dacian Heavy Infantry (M021(2)),Strelets,Dacian,45,41.0,106–150
1822,Strelets Dacian Heavy Infantry (M021(2)),Strelets,Romanian,45,41.0,106–150
2912,Caesar Three Kingdoms (Shu Kingdom Set 1) (TK001),Caesar,Chinese,43,46.0,221–263
1631,Valdemar Croatian Light Cavalryman (VI003),Valdemar,Croatian,41,49.0,1200–1240
1183,Coates & Shine Indian Elephant (8142),Coates & Shine,Indian,41,48.0,-340–-300
1515,Lucky Toys Medieval Turks (Mehmed II) (TL0012),Lucky Toys,Turkish,41,44.0,1450–1490
2467,Mars Buccaneers (72082),Mars,Dutch,41,37.0,1620–1660
1878,Strelets Bashi-Bazouks (109),Strelets,Turkish,40,43.0,1850–1890
1036,MiniArt Swiss Infantry (72009),MiniArt,Swiss,40,41.0,1450–1489
1239,Coates & Shine Gothic Army (8133),Coates & Shine,Goth,40,35.0,160–199
304,Revell Swedish Infantry (02557),Revell,Swedish,39,49.0,1610–1648
2300,Caesar European Medieval Foot Soldiers and Archers (H088),Caesar,French,39,46.0,1461–1499
2647,Caesar Mid-East Militia (Iraq & Syria) (H101),Caesar,Iraqi,39,46.0,1980–2018
2647,Caesar Mid-East Militia (Iraq & Syria) (H101),Caesar,Syrian,39,46.0,1980–2018
874,Linear-A Imperial Guardsmen of Emperor Justinian I (040),Linear-A,Greek,39,44.0,527–565
874,Linear-A Imperial Guardsmen of Emperor Justinian I (040),Linear-A,Turkish,39,44.0,527–565
2775,Linear-A Emperor Justinian I and Imperatrix Theodora I (011s),Linear-A,Italian,39,44.0,527–565
1786,HaT Ruga-Ruga (8269),HaT,Kenyan,39,40.0,1880–1918
1786,HaT Ruga-Ruga (8269),HaT,Tanzanian,39,40.0,1880–1918
2437,Ultima Ratio Mujahidins Taliban al-Qaeda (UR001),Ultima Ratio,Afghan,37,44.0,1978–2014
1112,Mars Pirates of the Caribbean (72009),Mars,Spanish,37,34.0,1700–1750
1958,Preiser East German Guard Battalion (16593),Preiser,East German,35,50.0,1956–1990
1958,Preiser East German Guard Battalion (16593),Preiser,German,35,50.0,1956–1990
1852,Zvezda Black Hussars of Frederick the Great (8079),Zvezda,German,32,47.0,1741–1780
814,Strelets British Light Dragoons (040),Strelets,British,31,47.0,1840–1870
2471,Strelets Stamford Bridge (911),Strelets,Saxon,31,43.0,1050–1080
2467,Mars Buccaneers (72082),Mars,British,31,37.0,1620–1659
1828,Mars Scots Mercenaries (72034),Mars,Scottish,31,36.0,1618–1648
468,Orion Polish Winged Hussars (72007),Orion,Polish,30,50.0,1670–1699
2827,RedBox British Regiments of Horse 1745 (72140),RedBox,British,30,46.0,1731–1760
1025,Strelets Russian Dragoons (058),Strelets,Russian,30,43.0,1882–1911
1189,Strelets Medieval Levy (2) (M006),Strelets,French,30,41.0,1300–1329
2756,Linear-A Seleucid Infantry Phalanx Set 1 (033),Linear-A,Syrian,30,40.0,-199–-170
186,IMEX British Redcoats (512),IMEX,British,29,49.0,1768–1796
104,Esci North Vietnamese Soldiers and Vietcong (229),Esci,Vietnamese,29,47.0,1947–1975
771,Strelets Russian Naval Artillery (032),Strelets,Russian,29,45.0,1840–1870
1337,RedBox Japanese Infantry (72020),RedBox,Japanese,29,33.0,1882–1910
2086,Strelets Mamelukes (120),Strelets,Egyptian,28,41.0,1780–1807
1164,HaT Nassau Infantry (8147),HaT,Nassau,26,47.0,1808–1833
868,Strelets Allied Chiefs of Staff (2) (011),Strelets,Austrian,26,46.0,1790–1815
1514,Lucky Toys Vlad Tzepes (TL0011),Lucky Toys,Romanian,26,44.0,1450–1475
1514,Lucky Toys Vlad Tzepes (TL0011),Lucky Toys,Wallacian,26,44.0,1450–1475
2516,RedBox Scottish Heavy Cavalry (72056),RedBox,Scottish,26,44.0,1460–1485
1133,HaT Parthian Heavy Cavalry (8145),HaT,Parthian,26,43.0,-250–250
2264,RedBox Continental Mercenaries (72042),RedBox,Dutch,26,40.0,1460–1485
643,Revell Aztecs (02569),Revell,Aztec,25,46.0,1501–1525
643,Revell Aztecs (02569),Revell,Mexican,25,46.0,1501–1525
2833,Orion British Tank Crew (Winter Dress) (72061),Orion,British,25,45.0,1951–1975
1080,HaT Sumerian Chariots (8130),HaT,Iraqi,25,42.0,-2024–-2000
1080,HaT Sumerian Chariots (8130),HaT,Sumerian,25,42.0,-2024–-2000
884,Waterloo 1815 Italian Bersaglieri (015),Waterloo 1815,Italian,25,39.0,1851–1875
1920,Orion Hussite War Wagon and Command (72039),Orion,Bohemian,25,39.0,1412–1436
1920,Orion Hussite War Wagon and Command (72039),Orion,Czech,25,39.0,1412–1436
1598,Zvezda Russian Artillery of Peter the Great (8058),Zvezda,Russian,24,48.0,1698–1721
284,Orion Chechen Rebels (72002),Orion,Russian,24,45.0,1994–2017
813,Strelets British Lancers (036),Strelets,British,23,45.0,1817–1839
951,Strelets Boers (056),Strelets,Boer,23,44.0,1880–1902
951,Strelets Boers (056),Strelets,South African,23,44.0,1880–1902
243,MiniArt Burgundian Knights and Archers (72001),MiniArt,Burgundian,22,40.0,1478–1499
1821,Mars Saxon Infantry (72035),Mars,Saxon,22,38.0,1700–1721
1901,LW French Musketeers (2027),LW,French,22,38.0,1600–1621
183,IMEX Alamo Defenders (aka Texas Infantry) (509),IMEX,Texian,21,48.0,1830–1850
2490,Linear-A Hannibal Crosses the Alps Set 3 (Elephants) (016),Linear-A,Greek,21,47.0,-220–-200
2490,Linear-A Hannibal Crosses the Alps Set 3 (Elephants) (016),Linear-A,Spanish,21,47.0,-220–-200
2651,Strelets Austrian Cuirassiers (257),Strelets,Austrian,21,44.0,1680–1700
576,Esci Muslim Warriors (238),Esci,Sudanese,21,41.0,1900–1920
2802,T-Model Middle East Military Man Set (TK7312),T-Model,Pakistani,21,38.0,2000–2020
723,Caesar SAS (H001),Caesar,British,20,49.0,1980–1999
1848,Zvezda Spartans (8068),Zvezda,Greek,20,47.0,-520–-501
2562,HaT Austrians Command (8324),HaT,Austrian,20,44.0,1740–1767
734,Strelets Russian Cossack Infantry and Sailors (027),Strelets,Russian,20,43.0,1820–1839
956,Strelets Bengal Lancers (057),Strelets,Indian,20,43.0,1891–1910
2027,Orion Modern Israeli Army (Set 2) (72040),Orion,Israeli,20,40.0,1975–1994
1164,HaT Nassau Infantry (8147),HaT,German,19,47.0,1808–1833
1303,Caesar WWII Chinese Army (H036),Caesar,Chinese,19,47.0,1930–1948
796,Caesar Ch'in Dynasty Army (H004),Caesar,Chinese,19,44.0,-225–-207
2601,Mars Austrian Infantry (Late 17th Century) (72102),Mars,Austrian,19,36.0,1661–1679
175,HYTTY Carthaginian Mercenaries (1004),HYTTY,Libyan,19,19.0,-499–-481
1441,HaT Gatling Gun (8179),HaT,British,18,48.0,1871–1890
2987,Linear-A Alexander the Great with General Staff (1) (022s),Linear-A,Macedonian,18,48.0,-340–-323
836,Italeri Indian Warriors (6061),Italeri,USA,18,44.0,1751–1768
558,Esci Colonial India British Infantry (232),Esci,Indian,18,43.0,1873–1890
1306,Orion Basmachi (72026),Orion,Kazakhstani,18,43.0,1916–1933
1306,Orion Basmachi (72026),Orion,Kyrgyzstani,18,43.0,1916–1933
1306,Orion Basmachi (72026),Orion,Tajikistani,18,43.0,1916–1933
1306,Orion Basmachi (72026),Orion,Turkmenistani,18,43.0,1916–1933
1306,Orion Basmachi (72026),Orion,Uzbek,18,43.0,1916–1933
1921,RedBox Hussite Artillery (72038),RedBox,Hussite,18,39.0,1419–1436
1042,IMEX Mexican Round Hat Infantry (553),IMEX,Mexican,17,48.0,1834–1850
2432,Strelets Bavarian Cuirassiers (258),Strelets,German,17,47.0,1684–1700
2713,Linear-A The Army of Pyrrhus of Epirus (Set 1) (028),Linear-A,Albanian,17,43.0,-297–-281
2713,Linear-A The Army of Pyrrhus of Epirus (Set 1) (028),Linear-A,Epirote,17,43.0,-297–-281
2483,Panzer vs Tanks Israeli IDF Advance Set (Mitznefet) (022),Panzer vs Tanks,Israeli,16,50.0,2001–2016
2807,RedBox Mounted Musketeers of the King of France (72146),RedBox,French,16,46.0,1674–1689
2755,Strelets American Anti-Tank Squad (247),Strelets,USA,15,45.0,1946–1960
1257,HaT Egyptian Camel Corps (8193),HaT,Egyptian,15,43.0,1885–1899
2519,RedBox Scottish Light Cavalry (72108),RedBox,Scottish,15,43.0,1450–1490
2818,Strelets M1916 37mm Gun with French Foreign Legion Crew (291),Strelets,French,15,41.0,1920–1934
1120,Emhar Zouaves (7212),Emhar,French,15,40.0,1830–1844
2785,Strelets British Cavalry (238),Strelets,British,14,48.0,1701–1714
3066,Strelets Holy Roman Empire Grenadiers 1701-1714 (269),Strelets,Austrian,14,47.0,1701–1714
2471,Strelets Stamford Bridge (911),Strelets,British,14,43.0,1067–1080
576,Esci Muslim Warriors (238),Esci,Indian,14,41.0,1860–1920
2292,RedBox English Sailors 16-17th Century (72081),RedBox,British,14,36.0,1604–1617
2184,Revell NATO Pilots (Modern) (02402),Revell,Belgian,13,50.0,2000–2012
2184,Revell NATO Pilots (Modern) (02402),Revell,British,13,50.0,2000–2012
2184,Revell NATO Pilots (Modern) (02402),Revell,French,13,50.0,2000–2012
2184,Revell NATO Pilots (Modern) (02402),Revell,German,13,50.0,2000–2012
2184,Revell NATO Pilots (Modern) (02402),Revell,Italian,13,50.0,2000–2012
2184,Revell NATO Pilots (Modern) (02402),Revell,USA,13,50.0,2000–2012
2919,Strelets Bavarian Infantry 1701-1714 Shooting Line (262),Strelets,Bavarian,13,48.0,1701–1713
2919,Strelets Bavarian Infantry 1701-1714 Shooting Line (262),Strelets,German,13,48.0,1701–1713
316,Revell French Mounted Guard Chasseurs (02576),Revell,French,12,49.0,1804–1815
103,Esci U.S. Elite Forces (228),Esci,USA,12,47.0,1962–1973
2505,Strelets Spanish Pro-Bourbon Infantry (263),Strelets,Spanish,12,46.0,1704–1715
2127,Strelets Moroccan Goumiers (M151),Strelets,Moroccan,12,43.0,1943–1954
2776,Orion Ruff-Puffs (72053),Orion,South Vietnamese,12,41.0,1964–1975
942,Waterloo 1815 Austrian Infantry 1859 (017),Waterloo 1815,Austrian,12,29.0,1850–1861
1714,Zvezda Swedish Artillery of Charles XII (8066),Zvezda,Swedish,11,50.0,1700–1710
1328,Zvezda Swedish Dragoons of Charles XII (8057),Zvezda,Swedish,11,47.0,1711–1721
3004,Linear-A Pyrrhic Elephants (107),Linear-A,Albanian,11,47.0,-280–-270
3004,Linear-A Pyrrhic Elephants (107),Linear-A,Epirote,11,47.0,-280–-270
3004,Linear-A Pyrrhic Elephants (107),Linear-A,Greek,11,47.0,-280–-270
1438,HaT Brunswick Cavalry (8174),HaT,Brunswick,11,46.0,1805–1815
1678,Preiser Christopher Columbus in America 1492 (16341),Preiser,Spanish,11,46.0,1490–1500
109,Esci Modern Russian Paratroopers Spetsnaz (240),Esci,Russian,11,41.0,1975–1985
955,Strelets Australian Lancers (054),Strelets,Australian,11,41.0,1895–1905
777,Preiser Horse Drawn Light Field Howitzer (16513),Preiser,German,10,50.0,1936–1945
1093,Preiser US Tank Crew 2000 (72524),Preiser,USA,10,49.0,1990–1999
2921,Caesar Modern PRC PLA Troops (H105),Caesar,Chinese,10,49.0,2015–2024
1588,Waterloo 1815 Sioux (023),Waterloo 1815,USA,10,47.0,1891–1900
3036,HaT Napoleonic Hungarian Infantry (Marching) (8334),HaT,Hungarian,10,47.0,1806–1815
310,Revell Imperial Artillery (02566),Revell,Austrian,10,46.0,1651–1660
310,Revell Imperial Artillery (02566),Revell,German,10,46.0,1651–1660
349,Zvezda War Elephants (8011),Zvezda,Seleucid,10,46.0,-300–-291
808,IMEX Republic of Korea Troops (530),IMEX,South Korean,10,46.0,1946–1955
1439,HaT Württemberg Cavalry (8175),HaT,W&uuml;rttemberg,10,46.0,1805–1814
2172,HaT Napoleonic Mounted Officers (8279),HaT,Spanish,10,45.0,1800–1815
3069,Orion Spanish Republican Pilots (72073),Orion,Spanish,10,45.0,1930–1939
148,HaT Alexander's Light Infantry (8044),HaT,Macedonian,10,43.0,-350–-341
883,Waterloo 1815 Italian Carabiniers (005),Waterloo 1815,Italian,10,43.0,1840–1849
127,HaT Russian Cossacks (8006),HaT,Russian,10,42.0,1790–1799
2133,Mars Swedish Infantry (72094),Mars,Swedish,10,40.0,1600–1609
825,Strelets Reitars of Charles XII (035),Strelets,Swedish,10,35.0,1690–1699
2963,Orion Italian Tank Crew (72066),Orion,Italian,9,49.0,1935–1943
849,Preiser German Soldiers Walking and Standing (16543),Preiser,German,9,48.0,1991–1999
2534,Strelets Polish Infantry on the March (142),Strelets,Polish,9,48.0,1807–1815
760,Hasegawa US Pilot/Ground Crew Set (35007),Hasegawa,USA,9,46.0,1980–1988
1170,GerMan Cuban War Spanish Infantry (0003),GerMan,Spanish,9,46.0,1890–1898
3061,HaT Napoleonic Russian Infantry Marching (8350),HaT,Russian,9,46.0,1800–1808
810,IMEX North Korean KPA (532),IMEX,North Korean,9,45.0,1947–1955
3032,Mars Ukrainain Defenders Set II (72143),Mars,Ukrainian,9,44.0,2016–2024
3067,Orion Finnish Tank Crew WW2 (72071),Orion,Finnish,9,44.0,1937–1945
20,A Call To Arms Royalist Artillery (59),A Call To Arms,British,9,43.0,1642–1650
1026,Strelets Don Cossacks (059),Strelets,Cossack,9,43.0,1910–1918
2099,HaT Colonial Bengal Lancers (8289),HaT,Indian,9,43.0,1864–1872
699,Strelets Russian Terek Cossacks (026),Strelets,Russian,9,42.0,1871–1881
2778,Orion ARVN Troops (Early War) (72051),Orion,South Vietnamese,9,40.0,1955–1963
2525,Strelets Rif Rebellion (191),Strelets,Moroccan,9,39.0,1920–1928
2525,Strelets Rif Rebellion (191),Strelets,Rifian,9,39.0,1920–1928
315,Revell Prussian Hussars (02575),Revell,German,8,49.0,1756–1763
586,Revell Austrian Artillery (02579),Revell,Austrian,8,48.0,1756–1763
2747,Strelets Bavarian Infantry at Ease (270),Strelets,Bavarian,8,47.0,1805–1812
400,Esci Warsaw Pact Troops (242),Esci,Czech,8,46.0,1981–1988
400,Esci Warsaw Pact Troops (242),Esci,Hungarian,8,46.0,1981–1988
400,Esci Warsaw Pact Troops (242),Esci,Polish,8,46.0,1981–1988
3082,HaT Hessian Grenadiers (8353),HaT,Hessian,8,43.0,1776–1783
1338,BUM Rif War 1920-1927 (5100),BUM,Spanish,8,41.0,1920–1927
2062,BUM French Bombard (2025),BUM,Canadian,8,35.0,1756–1763
2615,Hasegawa Japanese Navy Airmen Set (35116),Hasegawa,Japanese,7,50.0,1937–1943
3033,Orion Hungarian Tank Crew WW2 (72069),Orion,Hungarian,7,49.0,1939–1945
1747,Emhar Portuguese Infantry and Cazadores (7217),Emhar,Portuguese,7,46.0,1806–1812
2870,Strelets Dutch Cuirassiers (259),Strelets,Dutch,7,46.0,1707–1713
2580,Strelets WWII Indian Infantry Heavy Weapons (M129),Strelets,Indian,7,44.0,1939–1945
2937,Strelets Dutch Infantry Firing Line (265),Strelets,Dutch,7,43.0,1701–1714
721,Odemars French Revolution (PF09),Odemars,French,7,42.0,1789–1795
1476,HaT Swedish Artillery (8231),HaT,Swedish,7,42.0,1807–1813
1189,Strelets Medieval Levy (2) (M006),Strelets,Italian,7,41.0,1393–1399
507,Airfix WWII Gurkhas (01754),Airfix,Nepalese,7,40.0,1939–1945
3090,Strelets Early Texas Rangers (M165),Strelets,Texian,7,40.0,1823–1829
2521,Strelets Indian Troops (M119),Strelets,Pakistani,7,39.0,1939–1945
1821,Mars Saxon Infantry (72035),Mars,German,7,38.0,1715–1721
635,Atlantic Hitler - Brown Shirts - SS (9008),Atlantic,German,7,26.0,1925–1931
1870,HaT Prussian Infantry Marching (8253),HaT,German,6,50.0,1810–1815
183,IMEX Alamo Defenders (aka Texas Infantry) (509),IMEX,USA,6,48.0,1834–1839
318,Revell British Rifles (02581),Revell,British,6,47.0,1802–1807
2681,Strelets Cannone da 105/28 Schneider Ansaldo (A016),Strelets,Italian,6,47.0,1946–1951
620,Orion Red 1st Cavalry (72011),Orion,Russian,6,46.0,1919–1924
1388,Caesar Modern Israeli Defence Force (H057),Caesar,Israeli,6,46.0,1995–2000
1387,Caesar Partisans in Europe (H056),Caesar,Belgian,6,45.0,1940–1945
1387,Caesar Partisans in Europe (H056),Caesar,Bosnian,6,45.0,1940–1945
1387,Caesar Partisans in Europe (H056),Caesar,Croatian,6,45.0,1940–1945
1387,Caesar Partisans in Europe (H056),Caesar,Czech,6,45.0,1940–1945
1387,Caesar Partisans in Europe (H056),Caesar,Dutch,6,45.0,1940–1945
1387,Caesar Partisans in Europe (H056),Caesar,Norwegian,6,45.0,1940–1945
1387,Caesar Partisans in Europe (H056),Caesar,Polish,6,45.0,1940–1945
1387,Caesar Partisans in Europe (H056),Caesar,Serbian,6,45.0,1940–1945
1387,Caesar Partisans in Europe (H056),Caesar,Yugoslavian,6,45.0,1940–1945
2597,Strelets WWI Polish Infantry (Blue Army) (M130),Strelets,Polish,6,45.0,1917–1922
1028,Strelets German Uhlans (072),Strelets,German,6,44.0,1908–1913
561,Airfix NATO Ground Crew (01758),Airfix,Spanish,6,43.0,1975–1980
603,Esci NATO Pilots and Ground Crew (243),Esci,Belgian,6,43.0,1985–1990
603,Esci NATO Pilots and Ground Crew (243),Esci,Dutch,6,43.0,1985–1990
159,HaT Austrian Infantry (8060),HaT,Austrian,6,41.0,1908–1913
2096,HaT Colonial Ox Wagon (8286),HaT,South African,6,39.0,1810–1815
2802,T-Model Middle East Military Man Set (TK7312),T-Model,Afghan,6,38.0,2015–2020
141,HaT Bavarian Cavalry (8030),HaT,Bavarian,6,37.0,1799–1804
1550,RedBox Chinese Regiment (72032),RedBox,Chinese,6,32.0,1899–1906
2486,Panzer vs Tanks German Ground Crew Set 1 (003),Panzer vs Tanks,German,5,50.0,1914–1918
2698,Strelets British Infantry Standing Order Arms (201),Strelets,British,5,49.0,1812–1816
198,Italeri Confederate Cavalry (6011),Italeri,Confederate,5,48.0,1861–1865
539,Dark Dream Studio Pilots of the First World War (72003),Dark Dream Studio,British,5,48.0,1914–1918
539,Dark Dream Studio Pilots of the First World War (72003),Dark Dream Studio,French,5,48.0,1914–1918
539,Dark Dream Studio Pilots of the First World War (72003),Dark Dream Studio,Russian,5,48.0,1914–1918
1062,Italeri Mamelukes (6082),Italeri,French,5,48.0,1799–1803
2272,HaT Napoleonic Spanish Command (8303),HaT,Spanish,5,48.0,1805–1809
2271,HaT British Infantry Command (8304),HaT,British,5,47.0,1797–1801
2958,Orion French Tank Crew WW2 (72064),Orion,French,5,47.0,1935–1939
110,Esci NATO Troops (241),Esci,French,5,46.0,1985–1989
110,Esci NATO Troops (241),Esci,Italian,5,46.0,1985–1989
1348,RedBox Scurrers (72046),RedBox,British,5,46.0,1481–1485
1454,HaT 1806 Prussian Dragoons (8196),HaT,German,5,46.0,1800–1804
1939,HaT WWI Turkish Cavalry (8274),HaT,Turkish,5,46.0,1914–1918
1387,Caesar Partisans in Europe (H056),Caesar,French,5,45.0,1941–1945
1485,Waterloo 1815 Italian Mountain Troops 'Alpini' (057),Waterloo 1815,Italian,5,45.0,1909–1913
882,Zvezda Saxon Cuirassiers (8035),Zvezda,Saxon,5,44.0,1810–1814
1525,Hasegawa U.S. Aerospace Ground Equipment Set (35006),Hasegawa,USA,5,44.0,1975–1979
1875,HaT WWI Austrian Artillery Crew (8258),HaT,Austrian,5,44.0,1914–1918
434,HaT WWI Turkish Infantry (8070),HaT,Turkish,5,42.0,1909–1913
794,Waterloo 1815 Anglo-Egyptian Army (013),Waterloo 1815,Egyptian,5,41.0,1880–1884
698,Strelets French Light Infantry (024),Strelets,French,5,40.0,1845–1849
913,Mars German Don Cossacks (72113),Mars,Ukrainian,5,39.0,1941–1945
1785,HaT Askari (8268),HaT,Cameroonian,5,39.0,1914–1918
2211,Strelets Police Battalion (M086),Strelets,Estonian,5,39.0,1941–1945
2211,Strelets Police Battalion (M086),Strelets,Latvian,5,39.0,1941–1945
2211,Strelets Police Battalion (M086),Strelets,Lithuanian,5,39.0,1941–1945
2236,Ultima Ratio Carthaginian Army: Iberian Infantry Part 1 (UR016),Ultima Ratio,Carthaginian,5,38.0,-144–-140
2451,RedBox European Mounted Men-at-Arms (72047),RedBox,Dutch,5,38.0,1455–1459
584,Airfix Modern Russians (01760),Airfix,Russian,5,34.0,1970–1974
712,Lucky Toys Austrian Uhlans (TL0005),Lucky Toys,Austrian,5,32.0,1862–1866
911,Coates & Shine WWI German Colonial Infantry (8123),Coates & Shine,Burundi,5,30.0,1914–1918
911,Coates & Shine WWI German Colonial Infantry (8123),Coates & Shine,Rwandan,5,30.0,1914–1918
2920,Model Kasten JNAF Aircrew 'Rabaul Zero Fighter' (F-11 1800),Model Kasten,Japanese,4,50.0,1933–1936
241,Matchbox ANZAC Infantry (P5008),Matchbox,Australian,4,49.0,1942–1945
241,Matchbox ANZAC Infantry (P5008),Matchbox,New Zealand,4,49.0,1942–1945
932,Preiser Soviet Infantrymen on a Tank (72525),Preiser,Russian,4,49.0,1941–1945
1340,Emhar British Infantry (7214),Emhar,British,4,48.0,1808–1811
90,Esci British 8th Army Soldiers (207),Esci,British,4,47.0,1940–1943
807,IMEX Chinese People's Liberation Army (531),IMEX,Chinese,4,47.0,1949–1952
3073,First To Fight CKM wz.30 in Cavalry Service (PL1939-120),First To Fight,Polish,4,47.0,1936–1939
2300,Caesar European Medieval Foot Soldiers and Archers (H088),Caesar,British,4,46.0,1486–1489
1151,Zvezda Russian Infantry of Peter the Great (8049),Zvezda,Russian,4,45.0,1722–1725
1430,HaT Romanian Artillery Crew (8160),HaT,Romanian,4,45.0,1942–1945
1449,HaT 1806 Saxon Infantry (8187),HaT,Saxon,4,42.0,1806–1809
2653,Strelets Japanese Type 38 75mm Field Gun (176),Strelets,Japanese,4,42.0,1927–1930
1038,IMEX British Artillery (555),IMEX,British,4,39.0,1764–1767
1825,Strelets WWII US Navy with Anti-Aircraft Machine-Gun (M112),Strelets,USA,4,39.0,1936–1939
1922,RedBox Hussite Infantry (72039),RedBox,Czech,4,39.0,1437–1440
1922,RedBox Hussite Infantry (72039),RedBox,Hussite,4,39.0,1437–1440
2151,Ultima Ratio Soviet Motorized Infantry Spetsnaz (UR002),Ultima Ratio,Russian,4,39.0,1986–1989
2473,Strelets Hastings 1066: Anglo-Saxon Army (912),Strelets,Anglo-Saxon,4,37.0,1067–1070
2540,Strelets Foot Rif Rebels (185),Strelets,Moroccan,4,35.0,1929–1932
2540,Strelets Foot Rif Rebels (185),Strelets,Rifian,4,35.0,1929–1932
1596,Zvezda Russian Guard Heavy Artillery (8045),Zvezda,Russian,3,50.0,1812–1814
2488,Panzer vs Tanks US Navy Sailors Combat Set 2 (005),Panzer vs Tanks,USA,3,50.0,1942–1945
1305,Pegasus German 75mm le IG18 (7510),Pegasus,German,3,49.0,1932–1934
2747,Strelets Bavarian Infantry at Ease (270),Strelets,German,3,47.0,1805–1807
2814,Strelets Bavarian Infantry on the March (272),Strelets,Bavarian,3,47.0,1813–1815
1590,Waterloo 1815 Napoleonic Mounted Line Officers (028),Waterloo 1815,Dutch,3,45.0,1813–1815
1744,HaT WWI ANZAC Heavy Weapons (8190),HaT,Australian,3,45.0,1914–1916
1744,HaT WWI ANZAC Heavy Weapons (8190),HaT,New Zealand,3,45.0,1914–1916
1754,Strelets Spartacus Army Before Battle (M110),Strelets,German,3,45.0,-75–-73
1754,Strelets Spartacus Army Before Battle (M110),Strelets,Greek,3,45.0,-75–-73
2031,Caesar Modern US Soldiers in Action (Set 2) (H094),Caesar,USA,3,45.0,2013–2015
1020,HaT Assyrian Cavalry (8125),HaT,Iraqi,3,44.0,-611–-609
2053,BUM Whaleboat Rangers (2002),BUM,British,3,44.0,1761–1763
340,Zvezda Napoleonic Guards Cossacks (8018),Zvezda,Russian,3,43.0,1817–1819
3082,HaT Hessian Grenadiers (8353),HaT,German,3,43.0,1781–1783
2507,Mars British Commonwealth Troops (72127),Mars,Canadian,3,42.0,1943–1945
421,Revell Soviet Cossacks (02514),Revell,Russian,3,40.0,1935–1937
919,HaT WWII Romanian Infantry (8118),HaT,Romanian,3,40.0,1939–1941
2583,Strelets Serbian Infantry in Winter Uniform (M126),Strelets,Serbian,3,40.0,1916–1918
1130,HaT WWI Canadian Infantry (8111),HaT,Canadian,3,39.0,1916–1918
2014,HaT WWI Highlanders (8235),HaT,South African,3,37.0,1916–1918
957,Strelets Mounted Boers (037),Strelets,Boer,3,35.0,1903–1905
957,Strelets Mounted Boers (037),Strelets,South African,3,35.0,1903–1905
530,Airfix Guards Band (01701),Airfix,British,3,34.0,2013–2015
2932,Hegemony Gurkhas Indian Mutiny (HG006),Hegemony,Nepalese,3,15.0,1856–1858
876,Emhar Russian Artillery (7208),Emhar,Russian,2,50.0,1854–1855
2360,RedBox WW2 Japanese Kamikaze (72048),RedBox,Japanese,2,50.0,1944–1945
311,Revell Swedish Cavalry (02567),Revell,Swedish,2,49.0,1649–1650
574,Orion Boxer Rebellion (72009),Orion,Chinese,2,49.0,1900–1901
1405,Pegasus WWII Russian Support Weapons Teams in Greatcoats (7274),Pegasus,Russian,2,49.0,1939–1940
2273,HaT Zulu British Infantry Command (8299),HaT,British,2,49.0,1879–1880
47,Airfix U.S.A.F. Personnel (01748),Airfix,USA,2,48.0,1940–1941
2345,Strelets Russian Jaegers in Summer Dress (288),Strelets,Russian,2,48.0,1809–1810
297,Revell British Infantry (02523),Revell,British,2,47.0,1944–1945
1593,Waterloo 1815 Japanese 70mm Gun (003),Waterloo 1815,Japanese,2,47.0,1931–1932
1594,Waterloo 1815 Italian 149/40 Artillery (024),Waterloo 1815,Italian,2,47.0,1944–1945
2809,Strelets Chevau-Légers and Gendarmes of the Guards (239),Strelets,French,2,47.0,1761–1762
501,Esci Commonwealth Infantry (231),Esci,Australian,2,46.0,1940–1941
2828,RedBox Prince's Lifeguard and Fitzjames Horse (72141),RedBox,Scottish,2,46.0,1745–1746
1232,Emhar Prussian Infantry (7213),Emhar,German,2,45.0,1870–1871
1557,Strelets French African Chasseurs (049),Strelets,French,2,45.0,1850–1851
242,Matchbox NATO Paratroopers (P5009),Matchbox,British,2,44.0,1978–1979
435,HaT WWI ANZAC Infantry (8071),HaT,Australian,2,44.0,1917–1918
435,HaT WWI ANZAC Infantry (8071),HaT,New Zealand,2,44.0,1917–1918
877,Emhar American Infantry (7209),Emhar,USA,2,44.0,1917–1918
1135,HaT 1806 Prussian Elites (8136),HaT,German,2,44.0,1798–1799
1904,HaT WWI Belgian Carabinier Bicyclists (8275),HaT,Belgian,2,44.0,1914–1915
1907,Strelets Russian Mountain Artillery (Winter Uniform) (113),Strelets,Russian,2,44.0,1877–1878
561,Airfix NATO Ground Crew (01758),Airfix,British,2,43.0,1976–1977
730,HaT WWI Russian Infantry Heavy Weapons Set (8080),HaT,Russian,2,43.0,1912–1913
142,HaT Dutch Belgian Light Dragoons (8032),HaT,Belgian,2,42.0,1814–1815
1565,Strelets Austro-Hungarian Honved (074),Strelets,Hungarian,2,42.0,1917–1918
2089,HaT Napoleonic Early-Mid French Marching (8296),HaT,French,2,42.0,1796–1797
2811,Linear-A The Army of Pyrrhus of Epirus (Set 2) (045),Linear-A,Albanian,2,41.0,-299–-298
2811,Linear-A The Army of Pyrrhus of Epirus (Set 2) (045),Linear-A,Epirote,2,41.0,-299–-298
1551,RedBox Italian Bersaglieri (72030),RedBox,Italian,2,39.0,1900–1901
2219,Strelets WWII Union of South Africa (M103),Strelets,South African,2,39.0,1940–1941
2802,T-Model Middle East Military Man Set (TK7312),T-Model,Iraqi,2,38.0,2019–2020
2802,T-Model Middle East Military Man Set (TK7312),T-Model,Syrian,2,38.0,2019–2020
847,LW Portugal Artillery (2004),LW,Portuguese,2,37.0,1813–1814
1542,RedBox German Sea Battalion (72023),RedBox,German,2,37.0,1900–1901
1780,GerMan Cavalry of Phillip V Dragoons of Marimon (1012),GerMan,Spanish,2,37.0,1702–1703
1824,Strelets WWII New Zealand Troops (M111),Strelets,New Zealand,2,37.0,1940–1941
1828,Mars Scots Mercenaries (72034),Mars,British,2,36.0,1618–1619
559,LW Soviet 45mm Anti-Tank Gun 1932 (21),LW,Russian,2,31.0,1933–1934
910,Coates & Shine WWI Serbian Infantry (8122),Coates & Shine,Serbian,2,29.0,1914–1915
937,Pegasus US Rangers D-Day (7351),Pegasus,USA,1,50.0,1944
1699,"Preiser Soviet Tank Crewmen, 1942 (72526)",Preiser,Russian,1,50.0,1942
2495,Panzer vs Tanks German U-Boat Crew Set 1 (012),Panzer vs Tanks,German,1,50.0,1935
2703,Strelets Russian Infantry Standing Order Arms (217),Strelets,Russian,1,49.0,1815
2797,Strelets Russian Infantry Standing Shoulder Arms (216),Strelets,Russian,1,49.0,1816
1478,Strelets Russian Infantry in Overcoats Shoulder Arms (218),Strelets,Russian,1,48.0,1811
1538,Pegasus WWII French Infantry (7306),Pegasus,French,1,48.0,1940
2645,Strelets Prussian Line Infantry on the March (174),Strelets,German,1,48.0,1816
1342,Emhar Spanish Infantry (7215),Emhar,Spanish,1,47.0,1810
2039,Strelets British Dragoons (256),Strelets,British,1,47.0,1700
3066,Strelets Holy Roman Empire Grenadiers 1701-1714 (269),Strelets,German,1,47.0,1714
143,HaT Roman Catapults (8035),HaT,Italian,1,46.0,-300
1567,Strelets French Artillery (Egypt) (078),Strelets,French,1,45.0,1798
2415,RedBox Turkish Artillery (72066),RedBox,Turkish,1,45.0,1500
798,Caesar WWII Underground Resisters (Partisans) (H006),Caesar,Belgian,1,44.0,1939
798,Caesar WWII Underground Resisters (Partisans) (H006),Caesar,Czech,1,44.0,1939
798,Caesar WWII Underground Resisters (Partisans) (H006),Caesar,Dutch,1,44.0,1939
798,Caesar WWII Underground Resisters (Partisans) (H006),Caesar,Yugoslavian,1,44.0,1939
1574,Strelets Thin Red Line (903),Strelets,Turkish,1,44.0,1854
1618,Dark Dream Studio European Knights (72005),Dark Dream Studio,Italian,1,44.0,1500
342,Revell Australian Infantry (02501),Revell,Australian,1,43.0,1939
603,Esci NATO Pilots and Ground Crew (243),Esci,French,1,43.0,1990
603,Esci NATO Pilots and Ground Crew (243),Esci,USA,1,43.0,1989
900,Italeri Russian Infantry (Winter Uniform) (6069),Italeri,Russian,1,43.0,1938
1133,HaT Parthian Heavy Cavalry (8145),HaT,Persian,1,43.0,-250
1716,"Zvezda Prussian Grenadiers of Frederick II ""the Great"" (8071)",Zvezda,German,1,43.0,1740
2554,Strelets Turkish Infantry in Tropical Uniform (M122),Strelets,Turkish,1,43.0,1919
2605,Strelets British Camel Corps (165),Strelets,Australian,1,43.0,1919
2605,Strelets British Camel Corps (165),Strelets,New Zealand,1,43.0,1919
1248,Strelets Russian Infantry in Winter Uniform (M017),Strelets,Russian,1,42.0,1925
1393,Caesar Modern Militia (H063),Caesar,Somalian,1,42.0,2005
493,Strelets French Foot Dragoons and Polish Grenadiers (009),Strelets,Polish,1,41.0,1806
645,HaT 1806 Prussian Musketeers (8083),HaT,German,1,41.0,1797
923,HaT WWI US Infantry (8112),HaT,USA,1,41.0,1919
1327,BUM National Regular Army (5005),BUM,Spanish,1,41.0,1940
1407,GerMan British Infantry in Egypt 1800 (0023),GerMan,Indian,1,41.0,1801
827,HaT WWII Polish Infantry (8115),HaT,Polish,1,40.0,1935
1311,Lucky Toys Piedmont Infantry and Bersaglieri (TL0006),Lucky Toys,Italian,1,40.0,1850
1301,HaT Napoleonic Swedish Cavalry (8178),HaT,Swedish,1,39.0,1814
1625,HaT Carthaginian Veterans (8212),HaT,Carthaginian,1,39.0,-145
1912,Strelets Austro-Hungarian Infantry in Gas Masks (M059),Strelets,Hungarian,1,39.0,1916
1346,Mars Lithuanian-Russian Heavy Infantry (72066),Mars,Lithuanian,1,38.0,1400
1555,RedBox Gangsters (72036),RedBox,USA,1,38.0,1935
1547,RedBox Civilian Volunteers (72028),RedBox,Dutch,1,37.0,1900
1549,RedBox Austrian Sailors (72031),RedBox,Austrian,1,37.0,1900
1553,RedBox Gurkhas (72034),RedBox,Nepalese,1,36.0,1900
2489,Orion Local Communist Force (72056),Orion,Vietnamese,1,33.0,1946
422,Airfix Astronauts (01741),Airfix,USA,1,25.0,1974
