nationality,year,наборов_доступно,средний_рейтинг,лучший_рейтинг,best_kit_header
German,1943,162,43.098765432098766,50,Preiser Horse Drawn Light Field Howitzer (16513)
French,1812,87,41.689655172413794,49,Revell French Mounted Guard Chasseurs (02576)
USA,1865,77,37.857142857142854,49,IMEX American Pioneers (516)
Italian,80,66,40.27272727272727,50,Pegasus Gladiators (7100)
British,1814,60,42.4,49,Strelets British Infantry Standing Order Arms (201)
Russian,1944,49,42.87755102040816,49,Preiser Soviet Infantrymen on a Tank (72525)
Japanese,1944,30,42.1,50,RedBox WW2 Japanese Kamikaze (72048)
Turkish,1601,22,38.31818181818182,47,Zvezda The Janissaries (8050)
Austrian,1809,21,40.857142857142854,46,Strelets Allied Chiefs of Staff (2) (011)
Confederate,1861,19,39.1578947368421,48,Italeri Confederate Cavalry (6011)
Polish,1939,18,39.5,47,First To Fight CKM wz.30 in Cavalry Service (PL1939-120)
Greek,-336,14,37.285714285714285,44,Ultima Ratio The Thracians (UR026)
Carthaginian,-215,13,40.69230769230769,47,Zvezda Carthaginian Infantry (8010)
Spanish,1550,12,41.166666666666664,48,RedBox Spanish Infantry (Set 1) (72096)
Celtic,-73,11,40.45454545454545,48,Caesar Celt Warriors (H064)
Romanian,100,11,36.81818181818182,47,Strelets Dacians Before Battle (M040)
Norman,1050,11,43.45454545454545,47,Revell Normans (02550)
Tunisian,-217,10,39.2,47,Zvezda Carthaginian Infantry (8010)
Bavarian,1809,10,42.3,47,Strelets Bavarian Infantry at Ease (270)
Dacian,100,10,36.8,47,Strelets Dacians Before Battle (M040)
Syrian,-670,10,44.4,47,Linear-A Neo-Assyrian Empire Infantry Set 1 (056)
Assyrian,-670,10,44.2,47,Linear-A Neo-Assyrian Empire Infantry Set 1 (056)
Macedonian,-330,10,35.7,48,Linear-A Alexander the Great with General Staff (1) (022s)
Persian,-350,9,37.888888888888886,49,Zvezda Persian Infantry (8006)
Egyptian,-1350,8,43.375,49,Caesar Ancient Egyptian Warriors (H047)
South African,1879,8,40.25,43,A Call To Arms Zulus (56)
Swedish,1706,8,42.25,50,Zvezda Swedish Artillery of Charles XII (8066)
Swiss,1490,8,39.625,43,RedBox Swiss Halberdiers (72062)
Ukrainian,1550,8,44.0,48,RedBox Ukrainian Cossack (Infantry) Set 3 (72116)
CeltIberian,-250,7,34.0,44,HaT Spanish Cavalry (8055)
Arab,1916,7,41.57142857142857,45,Strelets Arabs in Skirmish (M142)
Burgundian,1450,7,36.57142857142857,41,RedBox Burgundian Infantry and Knights (Set 2) (72110)
Algerian,-250,7,37.857142857142854,44,HaT Carthaginian Command and Cavalry (8056)
Indian,-340,7,34.42857142857143,48,Coates & Shine Indian Elephant (8142)
Finnish,1942,6,39.5,44,Orion Finnish Tank Crew WW2 (72071)
Viking,801,6,44.833333333333336,50,Emhar Viking Oarsmen (7218)
Vietnamese,1964,6,39.5,47,Esci North Vietnamese Soldiers and Vietcong (229)
Danish,801,6,44.833333333333336,50,Emhar Viking Oarsmen (7218)
Dutch,1815,6,39.0,45,Waterloo 1815 Napoleonic Mounted Line Officers (028)
Australian,1942,6,44.0,49,Matchbox ANZAC Infantry (P5008)
Boer,1899,6,40.666666666666664,44,Strelets Boers (056)
Sudanese,1882,6,43.0,47,HaT Hadendowah Camelry (8208)
Norwegian,801,6,44.833333333333336,50,Emhar Viking Oarsmen (7218)
Mongolian,1240,5,43.0,47,Italeri Mongol Cavalry (6124)
Lithuanian,1401,5,34.8,39,Mars Lithuanian-Russian Medium Infantry (72061)
Zulu,1878,5,39.4,43,A Call To Arms Zulus (56)
Frankish,1165,5,42.6,47,Caesar Dismounted Crusaders (H086)
Parthian,-249,5,30.6,46,HaT Parthian Light Cavalry (8144)
Scottish,1460,5,40.0,44,RedBox Scottish Heavy Cavalry (72056)
Brunswick,1814,5,43.0,46,HaT Brunswick Cavalry (8174)
Anglo-Saxon,1050,5,42.4,49,Strelets Anglo-Saxons Before Battle (M050)
Iraqi,-670,5,43.8,47,Linear-A Neo-Assyrian Empire Infantry Set 5 (084)
Sassanian,224,4,42.0,44,HaT Sassanid Levy Infantry (8205)
Scythian,-550,4,39.75,47,Zvezda Scythian Cavalry (8069)
Mexican,1830,4,39.75,50,Pegasus California Mission Indians (7051)
Sea People,-1230,4,40.0,49,Caesar The Sea Peoples (H048)
Teutonic,1401,4,31.0,39,Mars Teutonic Field Artillery (72064)
Libyan,-250,4,32.75,40,Ultima Ratio Carthaginian Army: Libyan Infantry (UR021)
Andalusian,1100,4,42.75,48,HaT El Cid Moorish Command (8249)
Czech,1419,4,38.0,39,Orion Hussite War Wagon and Command (72039)
Chinese,1501,4,38.25,42,RedBox Chinese Medium Cavalry (72118)
Belgian,1815,4,37.5,42,HaT Dutch Belgian Light Dragoons (8032)
North Korean,1501,3,36.666666666666664,38,RedBox Korean Guerrillas (72013)
Moroccan,1921,3,33.666666666666664,39,Strelets Rif Rebellion (191)
Mycenaean,-1250,3,37.333333333333336,49,Caesar Mycenaean Chariot (H021)
Nassau,1813,3,43.333333333333336,47,HaT Nassau Infantry (8147)
New Zealand,1916,3,44.0,45,HaT WWI ANZAC Heavy Weapons (8190)
South Korean,1501,3,36.666666666666664,38,RedBox Korean Guerrillas (72013)
Portuguese,1810,3,36.333333333333336,46,Emhar Portuguese Infantry and Cazadores (7217)
Gaul,-73,3,43.333333333333336,47,HaT Gallic Command (8138)
Hussite,1419,3,37.666666666666664,39,RedBox Hussite Artillery (72038)
Seleucid,-250,3,44.666666666666664,48,Linear-A Seleucid Elephants vs Ptolemaic Elephants (049)
Cossack,1501,3,46.0,48,RedBox Ukrainian Cossack (Infantry) Set 3 (72116)
Saxon,1810,3,42.333333333333336,44,Zvezda Saxon Cuirassiers (8035)
Sarmatian,-100,3,34.666666666666664,38,Strelets Sarmatian Cavalry (020)
East German,1981,3,47.666666666666664,50,Preiser East German Guard Battalion (16593)
Goth,401,3,43.0,45,Linear-A Goths (Set 1) (058)
Epirote,-280,3,43.666666666666664,47,Linear-A Pyrrhic Elephants (107)
Almoravid,1050,3,44.0,47,HaT El Cid Almoravid Infantry (8189)
Tanzanian,1914,3,36.333333333333336,40,HaT Ruga-Ruga (8269)
Tatar,1630,3,33.0,36,Mars Crimean Tatar Infantry (72084)
Hessian,1776,3,42.0,43,HaT Hessian Grenadiers (8353)
Hungarian,1942,3,42.666666666666664,49,Orion Hungarian Tank Crew WW2 (72069)
Albanian,-280,3,43.666666666666664,47,Linear-A Pyrrhic Elephants (107)
Irish,1460,3,41.0,43,RedBox Irish Mounted Troops (72055)
Korean,1501,3,36.666666666666664,38,RedBox Korean Guerrillas (72013)
Israeli,2001,3,47.0,50,Panzer vs Tanks Israeli IDF Advance Set (Mitznefet) (022)
Hun,370,3,38.666666666666664,41,HaT Huns (8298)
W&uuml;rttemberg,1811,3,45.0,46,HaT Württemberg Cavalry (8175)
Yugoslavian,1940,2,44.5,45,Caesar Partisans in Europe (H056)
Rifian,1920,2,37.0,39,Strelets Rif Rebellion (191)
Cuman,1000,2,44.5,46,Valdemar Cuman Cavalry (VA112)
Sumerian,-2024,2,41.0,42,HaT Sumerian Chariots (8130)
Serbian,1495,2,38.5,39,RedBox Stradioti Set 2 (72075)
Bosnian,1941,2,42.0,45,Caesar Partisans in Europe (H056)
Aztec,1450,2,46.5,47,Caesar Aztec Warriors (H028)
Thracian,-350,2,42.5,44,Ultima Ratio The Thracians (UR026)
South Vietnamese,1964,2,40.5,41,Orion Ruff-Puffs (72053)
Texian,1830,2,44.0,48,IMEX Alamo Defenders (aka Texas Infantry) (509)
Canadian,1916,2,38.0,39,HaT WWI Canadian Infantry (8111)
Afghan,2000,2,41.0,44,Ultima Ratio Mujahidins Taliban al-Qaeda (UR001)
Pictish,250,2,33.5,34,RedBox Picts (72001)
Hittite,-1630,2,45.5,46,Caesar Hittite Warriors (H008)
Nubian,-2000,2,37.0,44,Caesar Nubian Warriors (H049)
Kyrgyzstani,1916,1,43.0,43,Orion Basmachi (72026)
Tajik,-490,1,27.0,27,LW Bactrian Cavalry (38)
Tajikistani,1916,1,43.0,43,Orion Basmachi (72026)
Mayan,250,1,43.0,43,Caesar Maya Warriors (H027)
Harappan,-2024,1,44.0,44,Linear-A Indus Culture (Set 1) (042)
Bohemian,1412,1,39.0,39,Orion Hussite War Wagon and Command (72039)
Livonian,1202,1,42.0,42,Zvezda Livonian Knights (8016)
Latvian,1202,1,42.0,42,Zvezda Livonian Knights (8016)
Belize,250,1,43.0,43,Caesar Maya Warriors (H027)
Pontic,-110,1,39.0,39,Linear-B Mithridatic Heavy Infantry (078)
Guatamalan,250,1,43.0,43,Caesar Maya Warriors (H027)
Khazar,600,1,42.0,42,Orion Khazar Army (72030)
Kenyan,1880,1,40.0,40,HaT Ruga-Ruga (8269)
Uzbek,1916,1,43.0,43,Orion Basmachi (72026)
Anatolian,-1630,1,46.0,46,Caesar Hittite Warriors (H008)
Kazakhstani,1916,1,43.0,43,Orion Basmachi (72026)
Kazak,-600,1,47.0,47,Zvezda Scythian Cavalry (8069)
Wallacian,1450,1,44.0,44,Lucky Toys Vlad Tzepes (TL0011)
Welsh,1097,1,49.0,49,Valdemar Welsh Crusader (VI002)
Turkmenistani,1916,1,43.0,43,Orion Basmachi (72026)
Breton,1000,1,40.0,40,Strelets Breton Knights (086)
Burundi,1914,1,30.0,30,Coates & Shine WWI German Colonial Infantry (8123)
Minoan,-1600,1,41.0,41,Linear-A The Minoans (020)
Phrygian,-1100,1,25.0,25,Hegemony Phrygians (HB012)
Peruvian,1300,1,48.0,48,Caesar Inca Warriors (H026)
Rwandan,1914,1,30.0,30,Coates & Shine WWI German Colonial Infantry (8123)
Estonian,1941,1,39.0,39,Strelets Police Battalion (M086)
Pecheneg,800,1,43.0,43,Orion Cumans (Polovets) and Pechenegs (72034)
Etruscan,-899,1,43.0,43,Linear-A The Etruscans Set 1 (014)
Croatian,1200,1,49.0,49,Valdemar Croatian Light Cavalryman (VI003)
Crimean,1600,1,36.0,36,Mars Crimean Tatar Infantry (72084)
Palestinian,-100,1,43.0,43,Linear-A The Folk of Judea (001)
Pakistani,-2024,1,44.0,44,Linear-A Indus Culture (Set 1) (042)
Numidian,-300,1,39.0,39,HaT Numidian Cavalry (8024)
Slav,500,1,36.0,36,Orion Slavic Warriors (72028)
Somalian,2005,1,42.0,42,Caesar Modern Militia (H063)
Georgian,600,1,42.0,42,Orion Khazar Army (72030)
Nepalese,1939,1,40.0,40,Airfix WWII Gurkhas (01754)
Mitannian,-1680,1,48.0,48,Caesar Mitannian Mariyannu Chariot (H015)
Cameroonian,1914,1,39.0,39,HaT Askari (8268)
Incan,1300,1,48.0,48,Caesar Inca Warriors (H026)
